,Date,Open,High,Low,Close,Adj Close,Volume
0,1962-01-01,7.713333,7.713333,7.003334,7.226666000000001,2.077531,8760000
1,1962-02-01,7.3,7.48,7.093333,7.16,2.0583650000000002,5737600
2,1962-03-01,7.186666000000001,7.413333000000001,7.07,7.103333,2.042352,5344000
3,1962-04-01,7.1,7.1,6.0,6.053333,1.7404580000000003,12851200
4,1962-05-01,6.053333,6.53,4.733333,5.233333,1.504689,49307200
5,1962-06-01,5.213333,5.213333,4.0,4.523333999999999,1.300756,68451200
6,1962-07-01,4.523333999999999,5.246666,4.513333,5.16,1.483839,41052800
7,1962-08-01,5.146667,5.53,4.94,5.283333,1.519304,41353600
8,1962-09-01,5.283333,5.353333,4.646667,4.713333,1.35566,33204800
9,1962-10-01,4.713333,4.956666,4.293334,4.613333,1.326898,42958400
10,1962-11-01,4.613333,5.356667,4.56,5.313333999999999,1.528234,36654400
11,1962-12-01,5.26,5.413333000000001,5.086666999999999,5.2,1.49595,21891200
12,1963-01-01,5.2,5.66,5.123333000000001,5.65,1.625409,28531200
13,1963-02-01,5.65,5.665,5.32,5.33,1.533349,13190400
14,1963-03-01,5.33,5.643333,5.296667,5.613333,1.615245,12147200
15,1963-04-01,5.613333,6.326667,5.566667,6.183333,1.779262,18203200
16,1963-05-01,6.183333,6.38,6.1,6.363333,1.8310560000000002,11387200
17,1963-06-01,6.363333,6.383333,5.76,5.816667,1.674116,12854400
18,1963-07-01,5.816667,5.973333,5.67,5.793334,1.667401,16763200
19,1963-08-01,5.793334,6.126666999999999,5.733333,5.93,1.706736,13878400
20,1963-09-01,5.938333999999999,6.253334,5.938333999999999,6.026667,1.734954,18100800
21,1963-10-01,6.026667,6.69,5.98,6.586666999999999,1.896167,24403200
22,1963-11-01,6.586666999999999,6.61,6.146667,6.47,1.862579,12488000
23,1963-12-01,6.506667,6.793334,6.313333999999999,6.76,1.946564,13035200
24,1964-01-01,6.8,7.56,6.766667,7.226666000000001,2.080941,22300800
25,1964-02-01,7.226666000000001,7.686666000000001,7.12,7.586666999999999,2.184606,11291200
26,1964-03-01,7.586666999999999,7.926667,7.413333000000001,7.923333,2.282077,11723200
27,1964-04-01,7.933333,8.02,7.603333,7.603333,2.189912,12776000
28,1964-05-01,7.613333,8.233334,7.613333,8.0,2.304159,10512000
29,1964-06-01,8.0,8.058333,7.683333,7.95,2.29034,8619200
30,1964-07-01,7.9791669999999995,8.2,7.6666669999999995,7.7,2.218316,9276800
31,1964-08-01,7.7,7.7,7.091667,7.341667,2.1150830000000003,11555200
32,1964-09-01,7.341667,7.433333,6.866667,7.275,2.096447,11804800
33,1964-10-01,7.275,7.275,6.9166669999999995,7.0,2.0172,7595200
34,1964-11-01,6.995833,7.241667,6.875,6.875,1.981179,8470400
35,1964-12-01,6.858333,6.966667,6.783333,6.825,1.967353,8364800
36,1965-01-01,6.825,7.5,6.733333,7.475,2.154722,11296000
37,1965-02-01,7.4583330000000005,7.61875,7.0833330000000005,7.595833,2.189552,7942400
38,1965-03-01,7.595833,7.825,7.466667,7.570833,2.183082,7204800
39,1965-04-01,7.5833330000000005,8.083333,7.5833330000000005,8.083333,2.3308619999999998,6395200
40,1965-05-01,8.066667,8.191667,7.6666669999999995,7.966667,2.2972189999999997,5681600
41,1965-06-01,7.933333,7.9583330000000005,7.2916669999999995,7.633333,2.2017849999999997,14480000
42,1965-07-01,7.633333,7.983333,7.5833330000000005,7.983333,2.302741,7908800
43,1965-08-01,7.983333,8.397917,7.904167,8.316667,2.398889,9350400
44,1965-09-01,8.316667,8.620833,8.3,8.541667,2.464566,7246400
45,1965-10-01,8.5125,8.883333,8.3875,8.883333,2.563148,7057600
46,1965-11-01,8.883333,9.233334,8.7,8.75,2.5246779999999998,4550400
47,1965-12-01,8.75,8.795834,8.2375,8.316667,2.400321,12908800
48,1966-01-01,8.291667,8.558333,7.866667,8.266666,2.385889,12648000
49,1966-02-01,8.266666,8.745833,8.133333,8.583333,2.477284,8011200
50,1966-03-01,8.583333,8.75,8.241667,8.6,2.482837,9123200
51,1966-04-01,8.6,9.366667,8.566667,9.291667,2.6825229999999998,7316800
52,1966-05-01,9.291667,9.35,8.6,9.06875,2.618166,10494400
53,1966-06-01,8.9125,9.1625,8.3125,8.7625,2.530508,13753600
54,1966-07-01,8.80625,9.0375,8.51875,8.51875,2.460116,6025600
55,1966-08-01,8.51875,8.76875,7.65625,8.0125,2.313917,10428800
56,1966-09-01,8.0125,8.4625,7.6625,7.9375,2.2929939999999998,10038400
57,1966-10-01,7.9375,8.371875,7.2375,8.3,2.397711,11531200
58,1966-11-01,8.359375,9.425,8.359375,9.4,2.715481,10068800
59,1966-12-01,9.4,9.65,9.075,9.2875,2.683839,6968000
60,1967-01-01,9.2875,10.15,9.0625,9.9875,2.886119,10628800
61,1967-02-01,9.85,10.88125,9.7625,10.75,3.106462,6753600
62,1967-03-01,10.8125,11.525,10.8,11.275,3.25907,7043200
63,1967-04-01,11.1875,12.475,10.925,12.4125,3.587868,8220800
64,1967-05-01,12.125,12.125,11.45,11.65625,3.369271,8121600
65,1967-06-01,11.65625,12.775,11.5875,12.4375,3.5958910000000004,9611200
66,1967-07-01,12.4375,12.7375,12.2,12.69375,3.669977,6238400
67,1967-08-01,12.69375,12.8625,12.13125,12.49375,3.6121550000000004,5624000
68,1967-09-01,12.49375,13.9375,12.4625,13.70625,3.963568,7054400
69,1967-10-01,13.7,15.0125,13.525,14.8375,4.290698,6659200
70,1967-11-01,14.725,15.5125,14.1875,15.3,4.424443,9472000
71,1967-12-01,15.3,16.200001,15.25,15.675,4.541461,6500800
72,1968-01-01,15.675,15.68125,14.71875,14.8625,4.306058999999999,10377600
73,1968-02-01,14.8625,15.05,14.2125,14.5,4.201032,10609600
74,1968-03-01,14.5,15.325,14.0,15.3125,4.446135,11905600
75,1968-04-01,15.6375,16.9375,15.625,16.9375,4.917969,11107200
76,1968-05-01,16.975,17.85,16.125,17.85,5.182918,11739200
77,1968-06-01,18.450001,18.75,17.25,17.6875,5.14535,10641600
78,1968-07-01,17.6875,18.25,16.299999,16.9375,4.9271709999999995,9384000
79,1968-08-01,16.9375,17.325001,16.5,16.75,4.872628,7364800
80,1968-09-01,16.75,17.075001,16.5,16.75,4.882021,6200000
81,1968-10-01,16.525,16.65,15.225,15.35,4.473971,17635200
82,1968-11-01,15.4,16.737499,15.375,16.6875,4.863804,10878400
83,1968-12-01,16.6875,16.737499,15.5,15.75,4.590555,8513600
84,1969-01-01,15.75,15.7625,14.75,14.8125,4.317308000000001,15188800
85,1969-02-01,14.8125,15.525,14.6625,14.66875,4.275411,9505600
86,1969-03-01,14.66875,15.775,14.5875,15.7,4.588353,7593600
87,1969-04-01,15.7,16.512501,15.2625,16.4,4.792929,7721600
88,1969-05-01,16.4,16.74375,15.9125,15.95,4.661414,7235200
89,1969-06-01,15.95,16.975,15.3875,16.887501,4.947561,9937600
90,1969-07-01,16.887501,18.225,15.5,16.225,4.753468,17296000
91,1969-08-01,16.299999,17.5375,16.275,17.25,5.053762,11720000
92,1969-09-01,17.25,18.012501,16.549999,17.262501,5.07306,10350400
93,1969-10-01,17.262501,18.25,17.0,18.025,5.297139,12192000
94,1969-11-01,18.0,18.4375,17.2125,17.85,5.245711,8328000
95,1969-12-01,17.924999,18.35,17.512501,18.225,5.37081,11555200
96,1970-01-01,18.225,19.35,16.7125,16.759375,4.938902,15148800
97,1970-02-01,16.85,17.75,16.737499,17.012501,5.013498,12294400
98,1970-03-01,17.012501,17.049999,15.7625,16.924999,4.98771,15971200
99,1970-04-01,16.924999,17.025,14.3125,14.9,4.390955,18692800
100,1970-05-01,14.9,14.95,11.85,13.9,4.096261,29678400
101,1970-06-01,13.9,14.35,12.5,12.5,3.69858,21307200
102,1970-07-01,12.5,13.125,12.1,12.6125,3.731868,18169600
103,1970-08-01,12.59375,13.575,10.9375,13.3125,3.9577199999999997,22201600
104,1970-09-01,13.2625,14.775,12.9625,14.5875,4.336772,17121600
105,1970-10-01,14.5875,15.4875,14.15,14.7,4.3702190000000005,13166400
106,1970-11-01,14.7,15.45,14.425,15.3625,4.5856069999999995,13985600
107,1970-12-01,15.3625,16.0375,15.3125,15.8875,4.742318,15844800
108,1971-01-01,15.8375,16.387501,15.5,16.275,4.857983,13894400
109,1971-02-01,16.275,17.174999,16.25,16.825001,5.022157,11152000
110,1971-03-01,16.825001,18.2875,16.737499,17.875,5.356643,12256000
111,1971-04-01,17.875,18.200001,17.450001,17.887501,5.3603879999999995,16568000
112,1971-05-01,17.75,17.775,16.25,16.35,4.899641,12846400
113,1971-06-01,16.375,16.575001,15.4,15.85,4.767427,21155200
114,1971-07-01,15.85,15.9625,14.5125,14.5625,4.380167,22408000
115,1971-08-01,14.6375,16.0,14.1625,15.2,4.5719199999999995,17017600
116,1971-09-01,15.2,15.65,14.95,15.1875,4.588945,12812800
117,1971-10-01,15.2125,15.7625,14.775,15.025,4.539847,14761600
118,1971-11-01,15.0,15.325,14.4125,15.275,4.615382,13342400
119,1971-12-01,15.325,17.424999,15.325,16.825001,5.105825,17424000
120,1972-01-01,16.825001,18.6,16.5875,18.4,5.583783,18987200
121,1972-02-01,18.4,18.75,18.225,18.424999,5.591372,9993600
122,1972-03-01,18.475,19.299999,18.299999,19.112499,5.8210440000000006,13555200
123,1972-04-01,19.112499,19.987499,18.9625,19.299999,5.878153,11294400
124,1972-05-01,19.299999,20.299999,18.8375,19.887501,6.057086,13296000
125,1972-06-01,19.950001,20.049999,19.35,19.6,5.990862,9315200
126,1972-07-01,19.65,20.275,19.174999,20.0375,6.124585,11385600
127,1972-08-01,20.1,21.3375,20.1,20.424999,6.243027,14835200
128,1972-09-01,20.424999,20.487499,19.6625,20.325001,6.233037,9339200
129,1972-10-01,20.325001,20.393749,18.075001,19.275,5.911033,19964800
130,1972-11-01,19.299999,19.725,18.549999,19.549999,5.995368,12979200
131,1972-12-01,19.549999,20.25,19.25,20.1,6.185955,12316800
132,1973-01-01,20.225,22.424999,20.225,21.775,6.701447,18889600
133,1973-02-01,21.775,22.825001,20.924999,21.575001,6.639898,14412800
134,1973-03-01,21.575001,22.487499,20.975,21.575001,6.661200999999999,14980800
135,1973-04-01,21.575001,21.8125,20.0625,20.4,6.298430000000001,13444800
136,1973-05-01,20.575001,21.262501,19.075001,19.671875,6.07362,19080000
137,1973-06-01,19.625,20.84375,19.125,19.8125,6.1373,13171200
138,1973-07-01,19.625,20.21875,18.4375,19.65625,6.088897,15332800
139,1973-08-01,19.65625,19.671875,18.578125,18.8125,5.827531,11534400
140,1973-09-01,18.78125,18.78125,15.65625,16.125,5.013258,23854400
141,1973-10-01,16.109375,18.4375,15.3125,17.515625,5.445602,21480000
142,1973-11-01,17.515625,18.125,16.4375,16.5625,5.149277,14982400
143,1973-12-01,16.546875,16.6875,14.695313,15.421875,4.814138,15811200
144,1974-01-01,15.421875,15.71875,14.0625,15.328125,4.784873999999999,15929600
145,1974-02-01,15.28125,15.28125,14.0625,14.867188,4.640986,9995200
146,1974-03-01,14.867188,15.875,14.46875,14.734375,4.624528,12356800
147,1974-04-01,14.734375,15.15625,13.671875,14.203125,4.457791,11529600
148,1974-05-01,14.203125,14.5,13.101563,13.28125,4.1684529999999995,11699200
149,1974-06-01,13.28125,14.5,13.125,13.296875,4.196902,11020800
150,1974-07-01,13.296875,13.992188,12.265625,12.601563,3.97744,16593600
151,1974-08-01,12.601563,13.4375,11.765625,12.0,3.787572,20158400
152,1974-09-01,12.0,12.03125,9.40625,9.9375,3.158643,25644800
153,1974-10-01,9.9375,12.3125,9.640625,11.820313,3.7571,30107200
154,1974-11-01,11.820313,12.5,10.421875,11.078125,3.5211930000000002,21164800
155,1974-12-01,10.96875,10.976563,10.007813,10.5,3.3631919999999997,20459200
156,1975-01-01,10.515625,11.96875,9.828125,11.765625,3.768575,34846400
157,1975-02-01,11.765625,13.8125,11.703125,13.46875,4.314092,30401600
158,1975-03-01,13.5,14.046875,12.703125,12.914063,4.1677,22632000
159,1975-04-01,12.914063,13.585938,12.265625,13.117188,4.233258,25046400
160,1975-05-01,13.117188,14.210938,12.875,13.4375,4.336627,23155200
161,1975-06-01,13.5625,13.734375,12.6875,13.0625,4.245592,18966400
162,1975-07-01,13.0625,13.171875,11.859375,11.890625,3.864706,23774400
163,1975-08-01,11.890625,11.921875,11.0,11.640625,3.7834529999999997,17582400
164,1975-09-01,11.640625,12.265625,11.101563,11.765625,3.8604010000000004,18624000
165,1975-10-01,11.765625,13.484375,11.453125,13.265625,4.352569,31411200
166,1975-11-01,13.265625,14.15625,13.1875,14.148438,4.642225,20020800
167,1975-12-01,14.148438,14.203125,12.984375,14.015625,4.6366559999999994,20083200
168,1976-01-01,14.015625,16.234375,13.960938,16.109375,5.329311,36676800
169,1976-02-01,16.109375,16.53125,15.734375,15.976563,5.285374,24716800
170,1976-03-01,15.976563,16.617188,15.890625,16.375,5.453369,24401600
171,1976-04-01,16.375,17.078125,15.773438,15.835938,5.273847,28350400
172,1976-05-01,15.796875,16.21875,15.328125,16.039063,5.341491,18865600
173,1976-06-01,16.03125,17.429688,15.75,17.296875,5.800992,28011200
174,1976-07-01,17.296875,17.523438,16.75,17.007813,5.704044000000001,25787200
175,1976-08-01,17.007813,17.546875,16.734375,17.101563,5.735486,20012800
176,1976-09-01,17.101563,18.03125,17.078125,17.585938,5.946283,24534400
177,1976-10-01,17.585938,17.703125,15.8125,16.984375,5.742877,33817600
178,1976-11-01,16.984375,17.21875,16.09375,16.9375,5.727027,26073600
179,1976-12-01,16.9375,17.625,16.546875,17.445313,5.948677,27566400
180,1977-01-01,17.28125,17.53125,16.632813,17.203125,5.866091,32448000
181,1977-02-01,17.203125,17.367188,16.625,17.25,5.882078,25752000
182,1977-03-01,17.257813,17.882813,17.234375,17.28125,5.946944,37860800
183,1977-04-01,17.28125,17.453125,16.03125,16.171875,5.565180000000001,36848000
184,1977-05-01,16.171875,16.484375,15.28125,15.34375,5.280198,30588800
185,1977-06-01,15.375,16.804688,15.375,16.5,5.732615,32380800
186,1977-07-01,16.492188,17.21875,16.125,16.757813,5.822186,27246400
187,1977-08-01,16.757813,17.0,16.492188,16.773438,5.827614,22665600
188,1977-09-01,16.773438,16.8125,15.953125,16.3125,5.720485,21864000
189,1977-10-01,16.3125,16.40625,15.882813,16.078125,5.638294,26683200
190,1977-11-01,16.078125,16.828125,15.5625,16.5,5.786237,36395200
191,1977-12-01,16.5,17.203125,16.203125,17.09375,6.053635,32008000
192,1978-01-01,16.78125,17.0625,16.5,16.59375,5.876563,39188800
193,1978-02-01,16.59375,16.648438,15.640625,15.703125,5.561153,27854400
194,1978-03-01,15.703125,15.78125,14.703125,14.71875,5.2702,49926400
195,1978-04-01,14.765625,16.625,14.671875,16.625,5.952751,60392000
196,1978-05-01,16.625,16.796875,16.125,16.140625,5.779315,38838400
197,1978-06-01,16.140625,17.265625,16.0,16.078125,5.820618,37203200
198,1978-07-01,16.078125,17.59375,15.9375,17.5625,6.357991,39387200
199,1978-08-01,17.5625,18.796875,17.4375,18.242188,6.60405,50198400
200,1978-09-01,18.25,19.03125,17.09375,17.3125,6.329701,32940800
201,1978-10-01,17.3125,18.34375,16.46875,16.515625,6.038352,45206400
202,1978-11-01,16.578125,17.28125,16.0,16.84375,6.1583190000000005,39755200
203,1978-12-01,16.914063,19.375,16.835938,18.65625,6.896159,45998400
204,1979-01-01,18.65625,19.765625,18.40625,19.296875,7.132956,47875200
205,1979-02-01,19.296875,19.4375,18.570313,18.75,6.930810000000001,27734400
206,1979-03-01,18.75,20.046875,18.664063,19.71875,7.372463000000001,33780800
207,1979-04-01,19.71875,20.125,19.140625,19.640625,7.343255999999999,34633600
208,1979-05-01,19.640625,20.09375,18.890625,19.0,7.103735,30065600
209,1979-06-01,19.09375,19.625,18.03125,18.34375,6.932966,31636000
210,1979-07-01,18.34375,19.1875,17.0,17.4375,6.590447,35155200
211,1979-08-01,17.4375,18.125,17.0625,17.5,6.614071000000001,36858000
212,1979-09-01,17.46875,17.84375,16.4375,16.9375,6.480247,35494800
213,1979-10-01,16.90625,17.375,15.28125,15.59375,5.966132,45927200
214,1979-11-01,15.59375,16.75,15.28125,16.3125,6.241123,33889200
215,1979-12-01,16.28125,16.90625,15.8125,16.09375,6.2429879999999995,26533600
216,1980-01-01,15.75,18.0,15.3125,17.15625,6.655150999999999,49631600
217,1980-02-01,17.15625,17.625,15.5,15.875,6.158133,39879600
218,1980-03-01,15.875,15.875,12.84375,13.9375,5.474169,49619200
219,1980-04-01,13.9375,14.0,12.59375,13.71875,5.388252,55773200
220,1980-05-01,13.71875,14.15625,13.0,13.84375,5.437346,39994400
221,1980-06-01,13.84375,15.09375,13.8125,14.6875,5.860168,42240800
222,1980-07-01,14.6875,16.53125,14.59375,16.3125,6.508528,41150000
223,1980-08-01,16.3125,17.28125,16.0,16.375,6.533462999999999,38015200
224,1980-09-01,16.375,17.25,15.84375,16.03125,6.4812449999999995,44193600
225,1980-10-01,16.03125,17.875,15.90625,16.65625,6.733927,55620000
226,1980-11-01,16.6875,18.1875,16.5625,17.03125,6.885530999999999,46076800
227,1980-12-01,17.0,17.375,15.8125,16.96875,6.948798,47108400
228,1981-01-01,16.96875,17.875,16.0,16.09375,6.590478999999999,44448800
229,1981-02-01,16.09375,16.21875,15.0625,16.0625,6.577686,31698800
230,1981-03-01,16.0625,16.3125,15.34375,15.59375,6.472022,43053600
231,1981-04-01,15.59375,15.84375,14.65625,14.65625,6.082921,64481600
232,1981-05-01,14.65625,14.84375,13.78125,14.6875,6.095891,46670800
233,1981-06-01,14.9375,15.1875,14.28125,14.46875,6.095682,44883600
234,1981-07-01,14.46875,14.46875,13.65625,14.03125,5.9113620000000004,33268800
235,1981-08-01,14.03125,14.71875,13.75,13.78125,5.806037,33306800
236,1981-09-01,13.78125,14.1875,13.0625,13.53125,5.785954,40204800
237,1981-10-01,13.53125,14.0625,12.09375,12.875,5.505342,52389600
238,1981-11-01,13.0,13.625,12.46875,13.625,5.82604,44765600
239,1981-12-01,13.625,14.40625,13.25,14.21875,6.18021,47809200
240,1982-01-01,14.40625,16.1875,13.90625,15.90625,6.913689,74401600
241,1982-02-01,15.75,16.0,14.9375,15.46875,6.723527000000001,51439200
242,1982-03-01,15.53125,15.6875,14.28125,14.9375,6.582836,67770800
243,1982-04-01,15.125,16.53125,14.96875,16.0625,7.078612,61904400
244,1982-05-01,16.09375,16.3125,15.3125,15.375,6.775639,42299600
245,1982-06-01,15.40625,15.53125,14.375,15.15625,6.768619,59794400
246,1982-07-01,15.15625,17.15625,14.84375,16.40625,7.326853999999999,77599600
247,1982-08-01,16.65625,17.75,15.53125,17.625,7.871141000000001,86336400
248,1982-09-01,17.5625,19.40625,17.34375,18.34375,8.300907,88402400
249,1982-10-01,18.5,21.1875,18.3125,19.96875,9.03625,90497200
250,1982-11-01,20.125,21.625,19.875,21.625,9.785728,73062000
251,1982-12-01,21.8125,24.5,21.53125,24.0625,10.999713,87144800
252,1983-01-01,23.6875,25.1875,23.0625,24.71875,11.299706,83227600
253,1983-02-01,24.53125,25.375,23.46875,24.75,11.313988,68222000
254,1983-03-01,25.1875,26.21875,24.65625,25.4375,11.733385,70778800
255,1983-04-01,25.40625,29.5,25.28125,29.25,13.491948999999998,72702000
256,1983-05-01,29.0,29.625,27.4375,27.8125,12.828877,55655600
257,1983-06-01,27.8125,31.125,27.5625,30.0625,13.980737,64907200
258,1983-07-01,30.15625,31.75,29.65625,30.09375,13.995269,65484400
259,1983-08-01,30.0625,30.9375,28.8125,29.875,13.893531,68978400
260,1983-09-01,29.90625,32.375,29.53125,31.71875,14.867464000000002,72724800
261,1983-10-01,31.625,33.5625,31.375,31.6875,14.852815,99626000
262,1983-11-01,31.8125,31.9375,29.34375,29.34375,13.754235999999999,89170800
263,1983-12-01,29.4375,31.21875,29.28125,30.5,14.404164999999999,76494400
264,1984-01-01,30.5625,31.25,28.15625,28.53125,13.474385,115276000
265,1984-02-01,28.5625,28.65625,26.625,27.5625,13.016876,111818400
266,1984-03-01,27.4375,28.9375,26.65625,28.46875,13.557479,95428400
267,1984-04-01,28.5625,28.65625,26.875,28.4375,13.542601000000001,90708800
268,1984-05-01,28.5,29.3125,26.40625,26.9375,12.828259,88976000
269,1984-06-01,26.9375,27.3125,24.75,26.4375,12.694455,116490800
270,1984-07-01,26.4375,27.71875,26.0,27.65625,13.279657,72080800
271,1984-08-01,27.75,31.6875,27.71875,30.9375,14.855205999999999,123313200
272,1984-09-01,30.75,32.125,30.21875,31.0625,15.051784,79127600
273,1984-10-01,30.9375,31.9375,29.6875,31.15625,15.097204999999999,89139600
274,1984-11-01,31.4375,31.9375,29.875,30.4375,14.878053,87458000
275,1984-12-01,30.3125,31.125,29.0,30.78125,15.046078,88833200
276,1985-01-01,30.59375,34.40625,29.75,34.09375,16.665247,130434000
277,1985-02-01,33.90625,34.5625,32.6875,33.5,16.375013,91922000
278,1985-03-01,33.625,34.1875,31.03125,31.75,15.645684,102980400
279,1985-04-01,31.75,32.59375,30.96875,31.625,15.584087,78410400
280,1985-05-01,31.59375,33.3125,31.15625,32.15625,15.845875,99628400
281,1985-06-01,32.34375,32.65625,29.34375,30.9375,15.380253,118883600
282,1985-07-01,30.9375,33.125,30.0,32.84375,16.327923000000002,111006400
283,1985-08-01,32.9375,33.1875,31.375,31.65625,15.737561,68101200
284,1985-09-01,31.65625,32.625,30.5625,30.96875,15.527937,92325600
285,1985-10-01,31.0,32.84375,30.71875,32.46875,16.280045,105592000
286,1985-11-01,32.40625,35.1875,32.40625,34.9375,17.517895000000003,108894800
287,1985-12-01,34.9375,39.6875,34.40625,38.875,19.654287,114449200
288,1986-01-01,38.6875,39.125,35.75,37.875,19.148706,127569600
289,1986-02-01,37.96875,40.25,37.5,37.71875,19.069708,126502400
290,1986-03-01,37.59375,38.375,36.125,37.875,19.285557,161545600
291,1986-04-01,37.96875,40.46875,36.84375,39.0625,19.890232,143528000
292,1986-05-01,39.0,39.375,35.5625,38.09375,19.396954,132659200
293,1986-06-01,38.1875,38.375,36.03125,36.625,18.785713,94299600
294,1986-07-01,36.625,37.53125,32.46875,33.125,16.990482,150528800
295,1986-08-01,33.15625,35.5,32.3125,34.6875,17.791922,114402800
296,1986-09-01,34.71875,36.375,33.28125,33.625,17.392854999999997,162128000
297,1986-10-01,33.71875,33.875,29.9375,30.90625,15.986547,170433600
298,1986-11-01,31.0,31.96875,29.8125,31.78125,16.439152,110249600
299,1986-12-01,31.625,32.53125,30.0,30.0,15.654589999999999,134091600
300,1987-01-01,30.25,32.71875,28.9375,32.1875,16.796078,200740000
301,1987-02-01,32.0625,36.0625,32.0,34.875,18.198458,144920000
302,1987-03-01,34.875,39.15625,34.40625,37.53125,19.745279,157184400
303,1987-04-01,37.25,40.375,35.65625,40.03125,21.060537,225196000
304,1987-05-01,40.0,41.90625,38.75,40.0,21.044085,151076000
305,1987-06-01,40.25,42.15625,39.0,40.625,21.514832000000002,138280000
306,1987-07-01,40.71875,42.46875,39.78125,40.25,21.316242000000003,129840400
307,1987-08-01,39.875,43.96875,39.625,42.09375,22.292685000000002,189084000
308,1987-09-01,42.15625,42.34375,37.125,37.6875,20.097101000000002,196856000
309,1987-10-01,37.8125,39.3125,25.0,30.625,16.330982000000002,269141200
310,1987-11-01,30.25,31.21875,27.5,27.6875,14.764542,139041600
311,1987-12-01,28.125,30.09375,26.25,28.875,15.539482999999999,144892800
312,1988-01-01,29.25,31.0,27.15625,28.09375,15.119043,161385200
313,1988-02-01,28.1875,29.46875,26.71875,29.375,15.808565,139936000
314,1988-03-01,29.46875,29.65625,26.0625,26.90625,14.627591,139366000
315,1988-04-01,26.875,29.125,26.40625,28.34375,15.409092000000001,128671200
316,1988-05-01,28.40625,28.78125,26.875,28.125,15.290166000000001,84149200
317,1988-06-01,28.25,32.09375,27.9375,31.84375,17.481665,157071600
318,1988-07-01,31.9375,32.375,30.0,31.4375,17.25864,118082800
319,1988-08-01,31.5,31.71875,27.59375,27.875,15.302891,116881200
320,1988-09-01,27.78125,29.125,27.375,28.84375,15.974454999999999,107313600
321,1988-10-01,28.78125,31.21875,28.1875,30.65625,16.978270000000002,116277200
322,1988-11-01,30.71875,31.09375,28.53125,29.625,16.407135,103644400
323,1988-12-01,29.59375,31.03125,29.40625,30.46875,17.027639,91382800
324,1989-01-01,30.46875,32.71875,30.15625,32.65625,18.250135,130706400
325,1989-02-01,32.4375,32.71875,30.15625,30.375,16.975241,114396400
326,1989-03-01,30.53125,30.59375,26.90625,27.28125,15.376764000000001,165558400
327,1989-04-01,27.3125,28.9375,26.5625,28.53125,16.081326,111530800
328,1989-05-01,28.25,28.4375,26.875,27.40625,15.447227,137074400
329,1989-06-01,27.375,28.78125,26.875,27.96875,15.937216000000001,144924400
330,1989-07-01,28.125,29.1875,27.65625,28.75,16.382395000000002,106153600
331,1989-08-01,28.875,29.84375,28.125,29.28125,16.685118,148444400
332,1989-09-01,29.21875,29.6875,26.9375,27.3125,15.730234,128322400
333,1989-10-01,27.34375,27.4375,24.4375,25.0625,14.434382000000001,170029200
334,1989-11-01,25.0625,25.1875,24.0,24.40625,14.056426,122311600
335,1989-12-01,24.40625,25.46875,23.34375,23.53125,13.718481,129607600
336,1990-01-01,23.6875,25.40625,23.625,24.65625,14.374345000000002,156385200
337,1990-02-01,24.65625,26.375,24.375,25.96875,15.139517000000001,133848800
338,1990-03-01,25.9375,27.34375,25.84375,26.53125,15.660067999999999,128318400
339,1990-04-01,26.28125,27.8125,26.25,27.25,16.084309,110108400
340,1990-05-01,27.375,30.53125,26.96875,30.0,17.707485000000002,149241200
341,1990-06-01,30.125,30.5625,29.0625,29.375,17.532774,118013600
342,1990-07-01,29.375,30.78125,27.625,27.875,16.637486,120184400
343,1990-08-01,27.96875,28.09375,24.125,25.46875,15.201282999999998,165578800
344,1990-09-01,25.25,27.3125,25.1875,26.59375,16.052385,117822800
345,1990-10-01,26.78125,27.59375,24.0625,26.375,15.920354000000001,161156400
346,1990-11-01,26.34375,28.78125,26.21875,28.40625,17.146445999999997,140917600
347,1990-12-01,28.625,29.0,27.65625,28.25,17.244678,110565600
348,1991-01-01,28.21875,31.78125,26.375,31.6875,19.343029,174923600
349,1991-02-01,31.625,34.9375,31.40625,32.1875,19.648235,160567200
350,1991-03-01,32.0625,33.75,27.75,28.46875,17.545523,178246000
351,1991-04-01,28.46875,28.6875,25.53125,25.75,15.869942000000002,164028400
352,1991-05-01,25.625,26.625,25.125,26.53125,16.351426999999997,144389600
353,1991-06-01,26.5,26.84375,24.15625,24.28125,15.141547000000001,143852000
354,1991-07-01,24.40625,25.75,23.90625,25.3125,15.784621,115507200
355,1991-08-01,25.25,25.4375,23.0,24.21875,15.102568,127478800
356,1991-09-01,24.4375,26.59375,24.40625,25.90625,16.350761,117172000
357,1991-10-01,25.90625,26.1875,24.1875,24.5625,15.502649,121914400
358,1991-11-01,24.59375,25.34375,23.09375,23.125,14.595366,116302000
359,1991-12-01,22.78125,23.09375,20.875,22.25,14.217988,186779200
360,1992-01-01,22.25,24.53125,22.21875,22.5,14.377742000000001,148634800
361,1992-02-01,22.5,23.3125,21.65625,21.71875,13.878518,109520000
362,1992-03-01,21.71875,22.5625,20.78125,20.875,13.518604999999999,134208800
363,1992-04-01,20.875,22.6875,20.40625,22.6875,14.692388000000001,154146000
364,1992-05-01,22.8125,23.59375,22.53125,22.6875,14.692388000000001,113014400
365,1992-06-01,22.625,24.65625,22.0625,24.46875,16.053957,146374400
366,1992-07-01,24.46875,25.09375,23.09375,23.6875,15.541379000000001,143590400
367,1992-08-01,23.625,23.8125,21.25,21.65625,14.208672,121280800
368,1992-09-01,21.65625,22.1875,20.0,20.1875,13.422285,134284000
369,1992-10-01,20.25,20.28125,16.25,16.71875,11.115979,258644800
370,1992-11-01,16.75,17.46875,15.21875,17.0625,11.344524,195714800
371,1992-12-01,17.09375,17.21875,12.1875,12.59375,8.524473,392747600
372,1993-01-01,12.9375,13.3125,11.46875,12.875,8.714847,311186000
373,1993-02-01,13.0,13.71875,12.1875,13.59375,9.201352,195832000
374,1993-03-01,13.6875,14.28125,12.46875,12.71875,8.700989,209145600
375,1993-04-01,12.875,13.28125,11.84375,12.15625,8.316174,164894000
376,1993-05-01,12.28125,13.5,11.78125,13.1875,9.021659,151283200
377,1993-06-01,13.3125,13.59375,12.125,12.34375,8.537821000000001,145922400
378,1993-07-01,12.40625,12.4375,10.28125,11.125,7.694845,206189600
379,1993-08-01,11.09375,11.46875,10.15625,11.4375,7.910992,140713600
380,1993-09-01,11.4375,11.59375,10.3125,10.5,7.3037,143716000
381,1993-10-01,10.53125,11.65625,10.53125,11.5,7.999289999999999,182151200
382,1993-11-01,11.5,14.03125,11.4375,13.46875,9.368733,270267200
383,1993-12-01,13.6875,14.96875,13.1875,14.125,9.873855,196909600
384,1994-01-01,14.21875,15.0,13.6875,14.125,9.873855,214073600
385,1994-02-01,14.21875,14.34375,13.0,13.21875,9.240355000000001,148824800
386,1994-03-01,13.21875,14.71875,12.84375,13.65625,9.589179,246932800
387,1994-04-01,13.25,14.875,12.84375,14.375,10.093878,213590400
388,1994-05-01,14.375,16.03125,14.0625,15.75,11.059377,191827200
389,1994-06-01,15.75,16.25,14.53125,14.6875,10.358149000000001,179832000
390,1994-07-01,14.75,15.78125,13.625,15.46875,10.909116000000001,220216800
391,1994-08-01,15.46875,17.53125,15.375,17.125,12.077158,241504800
392,1994-09-01,16.71875,17.84375,16.65625,17.40625,12.324411999999999,182742800
393,1994-10-01,17.34375,19.09375,16.84375,18.625,13.187342999999998,217612400
394,1994-11-01,18.59375,18.8125,17.0,17.6875,12.523553999999999,183975600
395,1994-12-01,17.65625,18.65625,17.21875,18.375,13.054741,162032400
396,1995-01-01,18.375,19.5,17.5625,18.03125,12.810514,209998400
397,1995-02-01,18.09375,19.0625,18.0625,18.8125,13.365567,140747200
398,1995-03-01,18.78125,21.28125,18.78125,20.53125,14.635704999999998,255785600
399,1995-04-01,20.5625,24.21875,20.5625,23.65625,16.863352,223769200
400,1995-05-01,23.46875,24.46875,22.875,23.25,16.573757,259951200
401,1995-06-01,23.375,24.84375,22.09375,24.0,17.153896,267735600
402,1995-07-01,24.0625,27.8125,23.9375,27.21875,19.454491,302672000
403,1995-08-01,27.28125,28.65625,24.65625,25.84375,18.471706,280425600
404,1995-09-01,25.6875,26.125,22.90625,23.625,16.924726,389168000
405,1995-10-01,23.75,24.8125,22.28125,24.3125,17.417248,331111200
406,1995-11-01,24.3125,25.59375,23.25,24.15625,17.305309,222618400
407,1995-12-01,24.25,24.3125,21.9375,22.84375,16.406589999999998,238327200
408,1996-01-01,22.84375,27.46875,20.78125,27.125,19.481424,435801200
409,1996-02-01,27.1875,32.21875,27.03125,30.65625,22.017597,341496800
410,1996-03-01,30.40625,31.375,26.90625,27.8125,20.018806,331419600
411,1996-04-01,28.03125,30.21875,25.84375,26.9375,19.389004,369420400
412,1996-05-01,26.9375,28.125,25.90625,26.6875,19.209055,225481200
413,1996-06-01,26.59375,26.65625,24.03125,24.75,17.873568,232344400
414,1996-07-01,24.8125,27.21875,22.28125,26.875,19.408171,302262000
415,1996-08-01,27.0,28.9375,26.8125,28.59375,20.649387,187934000
416,1996-09-01,28.3125,31.96875,28.140625,31.125,22.54937,213265200
417,1996-10-01,31.0,33.84375,30.78125,32.25,23.364401,236814000
418,1996-11-01,32.21875,40.1875,31.78125,39.84375,28.8659,289765600
419,1996-12-01,39.90625,41.5,36.8125,37.875,27.513527000000003,270300800
420,1997-01-01,38.4375,42.53125,36.25,39.21875,28.489653000000004,415245600
421,1997-02-01,39.34375,39.34375,34.28125,35.9375,26.106061999999998,309689200
422,1997-03-01,35.9375,37.4375,32.5,34.3125,24.984409,278667200
423,1997-04-01,34.25,40.28125,31.78125,40.125,29.216726,326464400
424,1997-05-01,40.125,45.9375,39.84375,43.25,31.492186,273395600
425,1997-06-01,43.875,46.875,40.875,45.125,32.937061,167324800
426,1997-07-01,45.125,54.21875,45.0625,52.875,38.593845,208427400
427,1997-08-01,52.75,54.71875,49.84375,50.6875,36.997169,155661400
428,1997-09-01,50.6875,53.71875,48.0625,53.0,38.756927000000005,170868800
429,1997-10-01,53.0625,53.625,44.3125,49.25,36.014679,230292000
430,1997-11-01,49.5625,54.96875,47.625,54.75,40.036636,147470000
431,1997-12-01,55.0,56.75,48.1875,52.3125,38.328781,189262800
432,1998-01-01,52.25,54.1875,47.8125,49.375,36.176514000000005,206153000
433,1998-02-01,50.0,52.9375,48.75,52.21875,38.260109,142352000
434,1998-03-01,52.09375,53.34375,47.9375,51.9375,38.130638,161250600
435,1998-04-01,51.9375,60.0,51.65625,57.9375,42.535618,175968600
436,1998-05-01,57.96875,64.65625,57.75,58.75,43.132133,151724400
437,1998-06-01,58.6875,60.0,53.0,57.40625,42.224434,163688800
438,1998-07-01,58.0,69.0625,56.375,66.25,48.729335999999996,173555400
439,1998-08-01,67.0,67.4375,56.3125,56.3125,41.419949,187305400
440,1998-09-01,56.5,68.09375,55.375,64.25,47.339149,191312400
441,1998-10-01,62.53125,74.90625,58.40625,74.25,54.707115,248289400
442,1998-11-01,74.21875,85.28125,72.875,82.5625,60.831738,137674800
443,1998-12-01,81.75,94.96875,81.125,92.1875,68.023834,142026400
444,1999-01-01,92.5,99.625,86.75,91.625,67.60878000000001,246686000
445,1999-02-01,92.25,92.25,80.875,84.875,62.628067,203078200
446,1999-03-01,84.75,92.96875,82.0,88.625,65.481903,230701600
447,1999-04-01,88.65625,107.625,81.5,104.59375,77.280663,267372400
448,1999-05-01,104.0,123.0,103.15625,116.0,85.708359,212247200
449,1999-06-01,113.625,132.0,109.4375,129.25,95.606483,131076300
450,1999-07-01,130.0,139.1875,122.625,125.6875,92.971237,132738400
451,1999-08-01,124.0,129.625,117.5625,124.5625,92.139099,128262000
452,1999-09-01,125.625,137.6875,119.625,121.0,89.59119399999999,148296500
453,1999-10-01,121.0,123.25,89.0,98.25,72.74659,305298100
454,1999-11-01,98.5,109.875,90.0,103.0625,76.309853,215184000
455,1999-12-01,102.5625,122.125,102.25,107.875,79.979507,158626300
456,2000-01-01,112.4375,124.75,109.625,112.25,83.223152,175259600
457,2000-02-01,112.375,119.75,100.9375,102.75,76.179741,133524400
458,2000-03-01,102.0,128.25,99.5,118.375,87.856651,194329000
459,2000-04-01,120.0,128.0,101.25,111.5,82.754112,168464800
460,2000-05-01,112.5,113.625,102.0,107.3125,79.646202,123803200
461,2000-06-01,107.5625,122.3125,105.5,109.5625,81.41423,136216300
462,2000-07-01,108.75,117.8125,100.0,112.25,83.41125500000001,150130400
463,2000-08-01,112.0,134.25,110.25,132.015594,98.098778,121998000
464,2000-09-01,133.0625,134.9375,110.25,112.625,83.78357700000001,107468400
465,2000-10-01,112.625,119.625,86.9375,98.5,73.275757,223510000
466,2000-11-01,98.4375,104.375,91.625,93.5,69.556198,130411900
467,2000-12-01,94.4375,104.75,80.0625,85.0,63.313343,167790700
468,2001-01-01,84.5,116.75,83.75,112.0,83.424622,198962600
469,2001-02-01,112.400002,118.639999,99.099998,99.900002,74.411789,156438900
470,2001-03-01,99.300003,108.400002,87.650002,96.18,71.722557,254550000
471,2001-04-01,97.449997,118.050003,90.050003,115.139999,85.861244,226210900
472,2001-05-01,115.849998,119.900002,110.959999,111.800003,83.37056,159356200
473,2001-06-01,112.5,119.0,111.099998,113.5,84.740662,142929700
474,2001-07-01,113.5,115.400002,101.559998,105.209999,78.551208,161016400
475,2001-08-01,105.349998,110.089996,98.860001,99.949997,74.624023,143401500
476,2001-09-01,100.150002,103.129997,87.489998,91.720001,68.56974,189312500
477,2001-10-01,91.720001,112.099998,91.339996,108.07,80.79300699999999,224351500
478,2001-11-01,107.25,117.0,106.900002,115.589996,86.414909,135136300
479,2001-12-01,114.800003,124.699997,113.209999,120.959999,90.541092,133393800
480,2002-01-01,120.599998,126.389999,101.0,107.889999,80.757919,193562900
481,2002-02-01,107.639999,109.300003,95.760002,98.120003,73.44487,172321000
482,2002-03-01,98.599998,108.849998,98.5,104.0,77.948837,151268500
483,2002-04-01,104.0,104.0,83.339996,83.760002,62.778786,246503300
484,2002-05-01,83.849998,86.489998,75.91999799999999,80.449997,60.297931999999996,172738400
485,2002-06-01,80.75,80.949997,66.099998,72.0,54.070614,190980700
486,2002-07-01,72.010002,74.199997,65.699997,70.400002,52.869041,246256900
487,2002-08-01,70.400002,82.849998,65.849998,75.379997,56.608925,166322300
488,2002-09-01,74.199997,77.5,57.990002000000004,58.310001,43.886623,185664400
489,2002-10-01,59.200001,79.790001,54.009997999999996,78.940002,59.413672999999996,285626300
490,2002-11-01,78.900002,88.110001,76.699997,86.91999799999999,65.419777,184438100
491,2002-12-01,88.599998,89.459999,75.599998,77.5,58.43716800000001,151563500
492,2003-01-01,78.800003,88.949997,77.019997,78.199997,58.96499300000001,193933500
493,2003-02-01,78.199997,80.050003,74.309998,77.949997,58.776489,145672700
494,2003-03-01,78.900002,84.900002,73.16999799999999,78.43,59.253464,191937200
495,2003-04-01,78.5,86.489998,78.120003,84.900002,64.141518,177874300
496,2003-05-01,85.300003,90.400002,84.449997,88.040001,66.513763,149548000
497,2003-06-01,89.0,89.08000200000001,79.809998,82.5,62.44249,184488300
498,2003-07-01,81.400002,87.029999,80.58000200000001,81.25,61.496403,153915600
499,2003-08-01,81.150002,84.720001,78.730003,82.010002,62.07164399999999,113895200
500,2003-09-01,82.400002,93.470001,82.300003,88.33000200000001,66.989304,171943100
501,2003-10-01,88.75,94.540001,87.529999,89.480003,67.861488,156145400
502,2003-11-01,89.900002,91.480003,87.720001,90.540001,68.665367,97966100
503,2003-12-01,90.900002,94.120003,90.029999,92.68,70.41568000000001,116103600
504,2004-01-01,92.860001,99.849998,89.010002,99.230003,75.392189,139368500
505,2004-02-01,99.150002,100.43,95.199997,96.5,73.317986,97741900
506,2004-03-01,96.5,97.599998,90.279999,91.839996,69.890594,124483700
507,2004-04-01,91.66999799999999,94.550003,88.010002,88.16999799999999,67.09769399999999,110632000
508,2004-05-01,88.129997,89.75,85.120003,88.589996,67.417343,104707300
509,2004-06-01,88.0,91.209999,87.300003,88.150002,67.218468,91968600
510,2004-07-01,88.279999,88.440002,83.41999799999999,87.07,66.39492800000001,121001000
511,2004-08-01,86.870003,87.389999,81.900002,84.690002,64.580101,91169700
512,2004-09-01,84.050003,87.279999,83.239998,85.739998,65.51918,93906300
513,2004-10-01,85.949997,90.269997,84.290001,89.75,68.583481,118116100
514,2004-11-01,89.33000200000001,96.629997,89.230003,94.239998,72.014557,114982100
515,2004-12-01,94.5,99.0,94.470001,98.58000200000001,75.476662,108170400
516,2005-01-01,98.970001,99.099998,91.440002,93.41999799999999,71.52597,114459000
517,2005-02-01,93.66999799999999,94.970001,91.550003,92.58000200000001,70.882828,79707700
518,2005-03-01,92.639999,93.730003,89.089996,91.379997,70.097542,106145200
519,2005-04-01,91.489998,91.760002,71.849998,76.379997,58.591026,216745500
520,2005-05-01,76.879997,78.110001,72.5,75.550003,57.954338,138416000
521,2005-06-01,75.57,77.730003,73.449997,74.199997,57.069939,135542800
522,2005-07-01,74.300003,85.110001,74.160004,83.459999,64.192177,156801500
523,2005-08-01,83.0,84.199997,79.870003,80.620003,62.007805000000005,105031100
524,2005-09-01,80.160004,82.110001,76.93,80.220001,61.84856800000001,115681400
525,2005-10-01,80.220001,84.599998,78.699997,81.879997,63.128365,139881800
526,2005-11-01,81.849998,89.940002,80.639999,88.900002,68.540726,110664500
527,2005-12-01,89.150002,89.91999799999999,81.559998,82.199997,63.527027000000004,120052400
528,2006-01-01,82.449997,85.029999,80.209999,81.300003,62.83149,146491600
529,2006-02-01,80.900002,82.239998,78.93,80.239998,62.01231,111052200
530,2006-03-01,80.199997,84.989998,79.510002,82.470001,63.895779000000005,111514900
531,2006-04-01,82.720001,84.449997,80.629997,82.339996,63.795044,114007000
532,2006-05-01,82.589996,83.690002,79.059998,79.900002,61.904591,113146500
533,2006-06-01,79.889999,80.870003,76.059998,76.82,59.733447999999996,139457800
534,2006-07-01,77.540001,78.529999,72.730003,77.410004,60.19223,137188300
535,2006-08-01,76.650002,81.68,75.050003,80.970001,62.960415000000005,100880300
536,2006-09-01,81.129997,83.790001,79.309998,81.940002,63.968754000000004,102776100
537,2006-10-01,81.760002,92.68,81.559998,92.33000200000001,72.08000899999999,170367300
538,2006-11-01,92.5,94.050003,90.43,91.91999799999999,71.75993299999999,104430000
539,2006-12-01,91.900002,97.879997,90.550003,97.150002,76.08901999999999,104470200
540,2007-01-01,97.18,100.900002,94.550003,99.150002,77.655434,192702000
541,2007-02-01,98.970001,100.440002,92.470001,92.940002,72.791656,125776200
542,2007-03-01,90.25,95.809998,88.769997,94.260002,74.04798100000001,163194500
543,2007-04-01,94.510002,103.0,93.910004,102.209999,80.293304,166807200
544,2007-05-01,102.059998,108.050003,101.349998,106.599998,83.741943,146441400
545,2007-06-01,106.620003,107.239998,101.559998,105.25,83.003258,169602000
546,2007-07-01,105.389999,118.82,104.58000200000001,110.650002,87.261887,212757600
547,2007-08-01,110.389999,117.349998,103.699997,116.690002,92.025177,202871500
548,2007-09-01,116.339996,118.889999,114.300003,117.800003,93.229042,132233800
549,2007-10-01,117.610001,121.459999,110.959999,116.120003,91.899467,171669000
550,2007-11-01,115.5,116.089996,99.269997,105.18,83.241341,200920600
551,2007-12-01,105.550003,112.190002,104.0,108.099998,85.855743,134151600
552,2008-01-01,108.989998,108.989998,97.040001,107.110001,85.069466,247523900
553,2008-02-01,107.160004,116.629997,100.599998,113.860001,90.43045,168280800
554,2008-03-01,113.860001,119.790001,111.800003,115.139999,91.796707,179284200
555,2008-04-01,115.199997,125.0,113.860001,120.699997,96.229469,192087200
556,2008-05-01,121.059998,129.990005,120.779999,129.429993,103.18956800000001,159517500
557,2008-06-01,128.490005,129.369995,118.150002,118.529999,94.885727,152327500
558,2008-07-01,117.5,130.929993,116.599998,127.980003,102.450623,200876500
559,2008-08-01,128.520004,129.970001,121.5,121.730003,97.44738000000001,137028800
560,2008-09-01,122.870003,124.0,109.949997,116.959999,93.993561,218411700
561,2008-10-01,115.510002,116.800003,78.82,92.970001,74.714279,314972000
562,2008-11-01,92.639999,94.760002,69.5,81.599998,65.576912,218313000
563,2008-12-01,80.949997,87.269997,75.309998,84.160004,68.01232900000001,188846100
564,2009-01-01,83.889999,94.940002,81.760002,91.650002,74.065216,208959400
565,2009-02-01,90.599998,97.099998,82.849998,92.029999,74.37233,223017600
566,2009-03-01,91.16999799999999,99.860001,83.019997,96.889999,78.72580699999999,286114500
567,2009-04-01,96.129997,106.050003,95.699997,103.209999,83.86097,213623100
568,2009-05-01,103.779999,106.82,99.83000200000001,106.279999,86.355446,153084700
569,2009-06-01,106.940002,110.639999,103.510002,104.41999799999999,85.2873,160502100
570,2009-07-01,105.0,119.370003,99.5,117.93,96.321899,176171400
571,2009-08-01,118.879997,120.879997,116.120003,118.050003,96.419899,112480200
572,2009-09-01,117.66999799999999,122.879997,115.150002,119.610001,98.149712,131522200
573,2009-10-01,119.389999,128.610001,117.260002,120.610001,98.970291,183531100
574,2009-11-01,120.769997,128.940002,119.5,126.349998,103.680428,110748200
575,2009-12-01,127.290001,132.850006,126.0,130.899994,107.896149,124475900
576,2010-01-01,131.179993,134.25,121.900002,122.389999,100.88166,156110600
577,2010-02-01,123.230003,128.270004,121.610001,127.160004,104.813416,113211200
578,2010-03-01,127.5,130.729996,125.199997,128.25,106.184669,139997300
579,2010-04-01,128.949997,132.279999,127.120003,129.0,106.80563400000001,146426400
580,2010-05-01,129.389999,133.100006,116.0,125.260002,103.709106,188444200
581,2010-06-01,124.690002,131.940002,122.82,123.480003,102.75936899999999,162019100
582,2010-07-01,123.550003,131.600006,120.610001,128.399994,106.85376699999999,144080000
583,2010-08-01,129.25,132.490005,122.279999,123.129997,102.468102,117394000
584,2010-09-01,125.309998,136.110001,124.519997,134.139999,112.183701,116092900
585,2010-10-01,135.509995,144.0,134.389999,143.600006,120.09524499999999,137284700
586,2010-11-01,143.639999,147.529999,141.179993,141.46000700000002,118.30555700000001,104096700
587,2010-12-01,143.610001,147.5,143.509995,146.759995,123.283432,93392800
588,2011-01-01,147.21000700000002,164.350006,146.639999,162.0,136.085602,118831600
589,2011-02-01,162.110001,166.25,159.029999,161.880005,135.984787,89067500
590,2011-03-01,163.149994,167.720001,151.71000700000002,163.070007,137.526794,129714300
591,2011-04-01,163.699997,173.0,162.190002,170.580002,143.860413,100769500
592,2011-05-01,172.110001,173.53999299999998,165.899994,168.929993,142.46888700000002,110804200
593,2011-06-01,168.899994,172.449997,161.520004,171.550003,145.325531,105442400
594,2011-07-01,171.610001,185.630005,171.490005,181.850006,154.050964,113593200
595,2011-08-01,182.600006,183.690002,157.130005,171.91000400000001,145.630417,195054100
596,2011-09-01,172.71000700000002,180.91000400000001,158.759995,174.869995,148.783005,137895000
597,2011-10-01,174.360001,190.529999,168.880005,184.630005,157.087067,144563700
598,2011-11-01,181.550003,189.970001,177.059998,188.0,159.954361,97014100
599,2011-12-01,187.009995,194.899994,179.03999299999998,183.880005,157.07785,103436500
600,2012-01-01,186.729996,193.100006,177.350006,192.600006,164.52684,110015000
601,2012-02-01,193.21000700000002,199.229996,190.830002,196.729996,168.054855,78809900
602,2012-03-01,197.229996,209.119995,196.809998,208.649994,178.931473,88096900
603,2012-04-01,208.96000700000002,210.690002,196.78999299999998,207.080002,177.585083,86603000
604,2012-05-01,207.179993,208.929993,192.0,192.899994,165.42477399999999,86005300
605,2012-06-01,190.119995,199.990005,187.0,195.580002,168.42571999999998,84559100
606,2012-07-01,196.360001,197.83999599999999,181.850006,195.979996,168.77018700000002,91516500
607,2012-08-01,196.96000700000002,202.0,193.020004,194.850006,167.797073,60653700
608,2012-09-01,196.610001,208.320007,193.25,207.449997,179.410446,77341400
609,2012-10-01,208.009995,211.789993,190.559998,194.529999,168.236725,96155000
610,2012-11-01,194.679993,198.0,184.779999,190.070007,164.379578,81892500
611,2012-12-01,190.759995,196.449997,186.940002,191.550003,166.384521,79320200
612,2013-01-01,194.08999599999999,208.580002,190.389999,203.070007,176.391083,87636600
613,2013-02-01,204.649994,205.350006,197.509995,200.830002,174.44534299999998,64144100
614,2013-03-01,200.649994,215.899994,199.360001,213.30000299999998,186.056915,76023800
615,2013-04-01,212.80000299999998,214.88999900000002,187.679993,202.53999299999998,176.67120400000002,108666600
616,2013-05-01,201.869995,211.979996,199.199997,208.020004,181.451294,90683600
617,2013-06-01,208.25,210.05000299999998,188.41000400000001,191.110001,167.482452,80215000
618,2013-07-01,192.149994,200.940002,190.259995,195.03999299999998,170.92652900000002,88079400
619,2013-08-01,196.649994,197.169998,181.100006,182.270004,159.735367,73077400
620,2013-09-01,183.630005,194.889999,182.309998,185.179993,163.096832,71488100
621,2013-10-01,185.33999599999999,186.990005,172.570007,179.21000700000002,157.838791,130967100
622,2013-11-01,179.809998,186.240005,177.309998,179.679993,158.252731,100984900
623,2013-12-01,179.46000700000002,187.78999299999998,172.729996,187.570007,166.08900500000001,97993100
624,2014-01-01,187.21000700000002,190.809998,175.33999599999999,176.679993,156.446121,123489300
625,2014-02-01,176.020004,186.119995,172.190002,185.169998,163.963837,87054800
626,2014-03-01,183.330002,195.630005,182.21000700000002,192.490005,171.379974,118984000
627,2014-04-01,193.119995,199.21000700000002,187.009995,196.470001,174.923462,118441200
628,2014-05-01,196.309998,196.740005,182.330002,184.360001,164.141556,70018300
629,2014-06-01,184.759995,187.649994,179.270004,181.270004,162.330093,78501700
630,2014-07-01,181.699997,196.399994,181.699997,191.669998,171.643448,97597800
631,2014-08-01,190.5,194.130005,183.580002,192.300003,172.207642,53454100
632,2014-09-01,192.679993,195.0,188.119995,189.830002,171.001038,64179600
633,2014-10-01,189.91000400000001,190.889999,161.100006,164.399994,148.093414,146255300
634,2014-11-01,164.25,164.970001,159.800003,162.169998,146.08461,80015600
635,2014-12-01,161.639999,164.520004,150.5,160.440002,145.51533500000002,101583300
636,2015-01-01,161.309998,163.309998,149.520004,153.309998,139.04861499999998,117006200
637,2015-02-01,154.0,164.990005,151.509995,161.940002,146.87583899999998,76963200
638,2015-03-01,161.940002,165.350006,153.399994,160.5,146.590973,104847300
639,2015-04-01,160.229996,175.130005,158.389999,171.28999299999998,156.445877,93533800
640,2015-05-01,173.199997,176.300003,168.83999599999999,169.649994,154.947983,57785700
641,2015-06-01,170.21000700000002,171.559998,162.119995,162.66000400000001,149.688049,80846400
642,2015-07-01,163.970001,173.779999,158.5,161.990005,149.071503,93854600
643,2015-08-01,161.699997,161.850006,140.619995,147.889999,136.095947,93667600
644,2015-09-01,144.91000400000001,149.679993,141.149994,144.970001,134.51629599999998,81556300
645,2015-10-01,145.309998,153.149994,137.330002,140.080002,129.978912,120371200
646,2015-11-01,140.5,142.800003,131.649994,139.419998,129.36647,85427700
647,2015-12-01,139.580002,141.399994,133.91000400000001,137.619995,128.89408899999998,97954000
648,2016-01-01,135.600006,136.889999,118.0,124.790001,116.877609,126221600
649,2016-02-01,124.400002,134.919998,116.900002,131.029999,122.721947,106605800
650,2016-03-01,132.240005,153.100006,132.029999,151.449997,143.296097,105698400
651,2016-04-01,150.509995,153.520004,142.610001,145.940002,138.082748,93489400
652,2016-05-01,146.559998,153.809998,142.899994,153.740005,145.46283,75181700
653,2016-06-01,153.0,155.479996,142.5,151.779999,144.994247,76966700
654,2016-07-01,151.779999,163.600006,149.919998,160.619995,153.43901100000002,69408600
655,2016-08-01,160.649994,164.949997,157.850006,158.880005,151.77681,69316700
656,2016-09-01,158.320007,165.0,153.21000700000002,158.850006,153.05874599999999,69885800
657,2016-10-01,158.059998,158.529999,147.78999299999998,153.690002,148.086884,78230800
658,2016-11-01,153.5,164.66000400000001,151.0,162.220001,156.305878,76307100
659,2016-12-01,161.949997,169.949997,158.300003,165.990005,161.389404,68957500
660,2017-01-01,167.0,179.25,165.33999599999999,174.520004,169.682999,88746500
661,2017-02-01,175.0,182.78999299999998,172.889999,179.820007,174.836105,59612000
662,2017-03-01,180.479996,182.550003,172.08999599999999,174.139999,170.652283,79477000
663,2017-04-01,173.820007,176.330002,159.600006,160.28999299999998,157.079666,100052300
664,2017-05-01,160.050003,160.419998,149.78999299999998,152.630005,149.57308999999998,103329100
665,2017-06-01,152.800003,157.199997,150.800003,153.830002,152.22169499999998,83977000
666,2017-07-01,153.580002,156.029999,143.639999,144.669998,143.157455,93293500
667,2017-08-01,145.0,145.669998,139.130005,143.029999,141.534607,80268700
668,2017-09-01,142.979996,147.419998,141.639999,145.080002,145.080002,78296700
669,2017-10-01,145.350006,162.479996,145.21000700000002,162.070007,162.070007,86695500
